﻿Designator,Footprint,Quantity,Value,LCSC Part #
"D1, D10, D11, D12, D13, D14, D15, D16, D17, D18, D19, D2, D20, D21, D22, D23, D24, D26, D27, D28, D29, D3, D30, D31, D4, D5, D6, D7, D8, D9",0805,30,Yellow,C2296
D25,0805,1,Green,C2297
D32,0603,1,Red LED,C2286
J2,IDC-Header_2x32_P2.54mm_Vertical,1,Conn_02x32_Row_Letter_First,
"SW1, SW10, SW11, SW12, SW17, SW18, SW19, SW2, SW20, SW3, SW4, SW9",Switch_Rocker_SPDT_15x10mm,12,Black,
"SW13, SW14, SW15, SW16, SW21, SW22, SW23, SW24, SW5, SW6, SW7, SW8",Switch_Rocker_SPDT_15x10mm,12,Red,
"SW25, SW26, SW27, SW29",Switch_Rocker_SPDT_15x10mm,4,Switch,
"SW28, SW30, SW31",Switch_Pushbutton_SPST_12mm,3,Button,
